
{
  "header": {
    "pack_id": "m4430oct-ejack-4401-b932-halloween25dic",
    "name": "Nightmare Before Christmas",
    "packs_version": "0.1",
 "description": "Happy Halloween Everyone!  Map Create to Minecraft PC by  ilikecutepeople and Ported to MCPE by SpiderMau07",
    "modules": [
      {
        "description": "resourcePack.nightmarejack.description",
        "version": "0.1",
        "uuid": "7ce30oct-e9ec-44e2-a0fb-4b2f39b25dic",
        "type": "resources"
      }
    ]
  }
}
